Country,Year,Almond: Yield,Banana: Yield,Barley: Attainable yield,Barley: Yield,Barley: Yield gap,Bean: Yield,Cassava: Attainable yield,Cassava: Yield,Cassava: Yield gap,Cereal: Yield,Cocoa: Yield,Coffee: Yield,Cotton: Attainable yield,Cotton: Yield,Cotton: Yield gap,Groundnut: Attainable yield,Groundnut: Yield,Groundnut: Yield gap,Lettuce: Yield,Corn: Attainable yield,Corn: Yield,Corn: Yield gap,Millet: Attainable yield,Millet: Yield,Millet: Yield gap,Oat: Yield,Oil palm: Attainable yield,Oil palm: Yield,Oil palm: Yield gap,Orange: Yield,Pea: Yield,Potato: Attainable yield,Potato: Yield,Potato: Yield gap,Rapeseed: Attainable yield,Rapeseed: Yield,Rapeseed: Yield gap,Rice: Attainable yield,Rice: Yield,Rice: Yield gap,Rye: Attainable yield,Rye: Yield,Rye: Yield gap,Sorghum: Attainable yield,Sorghum: Yield,Sorghum: Yield gap,Soybean: Attainable yield,Soybean: Yield,Soybean: Yield gap,Sugar beet: Attainable yield,Sugar beet: Yield,Sugar beet: Yield gap,Sugarcane: Attainable yield,Sugarcane: Yield,Sugarcane: Yield gap,Sunflower seed: Attainable yield,Sunflower seed: Yield,Sunflower seed: Yield gap,Tomato: Yield,Wheat: Attainable yield,Wheat: Yield,Wheat: Yield gap,abaca__manila_hemp__raw_yield,agave_fibres__raw__n_e_c__yield,apples_yield,apricots_yield,areca_nuts_yield,artichokes_yield,asparagus_yield,avocados_yield,bambara_beans__dry_yield,beans__green_yield,blueberries_yield,broad_beans_and_horse_beans__green_yield,broad_beans_yield,buckwheat_yield,cabbages_yield,canary_seed_yield,carrots_and_turnips_yield,cashew_nuts_yield,cashewapple_yield,cassava_leaves_yield,castor_oil_seed_yield,cauliflowers_and_broccoli_yield,cereals_n_e_c__yield,cherries_yield,chestnut_yield,chickpeas_yield,chicory_roots_yield,chillies_and_peppers__green__capsicum_spp__and_pimenta_spp__yield,chillies_and_peppers_yield,cinnamon_and_cinnamon_tree_flowers__raw_yield,citrus_fruit_yield,cloves__whole_stems__raw_yield,coconuts_yield,cow_peas_yield,cranberries_yield,cucumbers_and_gherkins_yield,currants_yield,dates_yield,edible_roots_and_tubers_with_high_starch_or_inulin_content__n_e_c__fresh_yield,eggplants_yield,fibre_crops__fibre_equivalent_yield,fibre_crops_yield,figs_yield,flax__raw_or_retted_yield,fonio_yield,fruit_yield,garlic_yield,ginger__raw_yield,gooseberries_yield,grapefruit_yield,grapes_yield,green_maize_yield,hazelnuts_yield,hempseed_yield,herbs__e_g__fennel__yield,hop_cones_yield,jojoba_seeds_yield,jute_yield,kapok_fruit_yield,karite_nuts_yield,kenaf__and_other_textile_bast_fibres__raw_or_retted_yield,kiwi_yield,kola_nuts_yield,leeks_yield,lemons_and_limes_yield,lentils_yield,linseed_yield,locust_beans__carobs__yield,lupins_yield,mangoes_yield,mate_leaves_yield,melon_yield,melonseed_yield,mixed_grains_yield,mustard_seed_yield,natural_rubber_in_primary_forms_yield,nutmeg__mace__cardamoms__raw_yield,oilcrops__cake_equivalent_yield,oilcrops__oil_equivalent_yield,okra_yield,olives_yield,onions_and_shallots__green_yield,onions_yield,other_berries_and_fruits_of_the_genus_vaccinium_n_e_c__yield,other_citrus_fruit__n_e_c__yield,other_fruits__n_e_c__yield,other_nuts__excluding_wild_edible_nuts_and_groundnuts__in_shell__n_e_c__yield,other_oil_seeds__n_e_c__yield,other_pome_fruits_yield,other_pulses_n_e_c__yield,other_stimulant__spice_and_aromatic_crops__n_e_c__yield,other_stone_fruits_yield,other_sugar_crops_n_e_c__yield,other_tropical_fruits__n_e_c__yield,other_vegetables__fresh_n_e_c__yield,papayas_yield,peaches_and_nectarines_yield,pears_yield,peas__green_yield,pepper_yield,peppermint__spearmint_yield,persimmons_yield,pigeon_peas_yield,pineapples_yield,pistachios_yield,plantains_yield,plums_yield,poppy_seeds_yield,pulses_yield,pumpkins__squash_and_gourds_yield,pyrethrum__dried_flowers_yield,quinces_yield,quinoa_yield,ramie__raw_or_retted_yield,raspberries_yield,roots_and_tubers_yield,safflower_seed_yield,sesame_seed_yield,sisal__raw_yield,sour_cherries_yield,spinach_yield,strawberries_yield,string_beans_yield,sugar_crops_yield,sweet_potatoes_yield,tallowtree_seeds_yield,tangerines_yield,taro_yield,tea_yield,tobacco_yield,treenuts_yield,triticale_yield,true_hemp__raw_or_retted_yield,tung_nuts_yield,vanilla__raw_yield,vegetables_yield,vetches_yield,walnuts_yield,watermelons_yield,yams_yield,yautia_yield
India,1985,,17.706299,5.17,1.2415999,3.9284,0.33069998,27.96,18.546,9.414,1.5921999,0.29999998,0.9317,1.15,0.61539996,0.5346,1.43,0.7188,0.71119994,6.1905,3.42,1.146,2.2740002,1.3,0.4565,0.84349996,,,,,11.7390995,0.7459,22.49,14.806399,7.6836004,1.3,0.7708,0.52919996,4.72,2.3292,2.3907998,3.18,,,1.53,0.6335,0.8965,1.84,0.7644,1.0756,63.79,,,93.04,57.6728,35.367203,1.24,0.3737,0.8663,8.8462,4.4,1.8700999,2.5299,,,5.9772997,3,1.179,,,,,2.7238998,,,,,14.189199,,13.055599,0.4342,,,0.4843,13.0,,2.3077,,0.66069996,,8.1818,0.9705,,10.8658,,4.1040998,,,6.3103,,,,9.272699,0.4333,,2.3077,,,10.717199,3.286,2.5788,,9.5238,22,,,,0.5265,,,1.7102,,,0.8303,,,,9.0,0.5568,0.27879998,,,11.745299,,18.9286,,,,0.886,0.085099995,0.2789,0.1743,5.9091,,,10.2021,3.6364,10,7.25,,0.3028,,0.3766,0.9855,5,,7.9877996,8.75,7.7419,4.1935,6.0713997,11.5,0.1665,,,0.81939995,13.7248,,,4,,0.5178,9.1727,,,,,,14.749599,0.56119996,0.2259,,,,,,57.6728,8.4688,,,,1.6407,1.1129,0.4486,,,,,8.8316,,0.8824,11.8881,,
India,1986,,19.034,5.17,1.4337,3.7363,0.3287,27.96,17.716,10.2439995,1.5854,0.29999998,0.5707,1.15,0.5279,0.6221,1.43,0.8415,0.58849996,6.2857,3.42,1.2818999,2.1381001,1.3,0.5036,0.79639995,,,,,12.818999,0.85099995,22.49,12.363899,10.126101,1.3,0.6737,0.6263,4.72,2.2052,2.5147998,3.18,,,1.53,0.576,0.954,1.84,0.58379996,1.2562001,63.79,,,93.04,59.986397,33.053604,1.24,0.4107,0.82930005,9.12,4.4,2.046,2.354,,,7.6242,3,1.1649,,,,,2.7407,,,,,14.1935,,13.513499,0.45229998,,,0.3987,13.5,,0.88,,0.7416,,8.4,0.7539,,12.176,,3.8483,,,6.3265,,,,9.5,0.3559,,2.2989,,,11.2403,3.4933,2.5832999,,14.2857,20.8,,,,0.532,,,1.6488,,,0.77459997,,,,10.9091,0.6074,0.2642,,,12.262099,,19.642899,,,,0.8979,0.0835,0.2638,0.17099999,6.0294,,,9.658999,3.6364,11.428599,7.7471,,0.2235,,0.40739998,0.99469995,5,,8.340899,8.8433,8.458,4.4444,5.9853997,11.44,0.27179998,,,0.76669997,12.9149,,,4,,0.5503,9.2933,,,,,,12.9204,0.3818,0.2069,,,,,,59.986397,8.0457,,,,1.508,1.1113,0.46899998,,,,,8.9166,,0.9,12.516999,,
India,1987,,19.282799,5.17,1.3630999,3.8069,0.3719,27.96,18.147,9.813,1.5837,0.35,0.8914,1.15,0.5248,0.6252,1.43,0.85529995,0.5747,6.3961997,3.42,1.0288,2.3912,1.3,0.4957,0.80429995,,,,,13.3928995,0.8102,22.49,15.3221,7.1679,1.3,0.7005,0.59949994,4.72,2.1991,2.5208998,3.18,,,1.53,0.76229995,0.7677,1.84,0.5823,1.2577,63.79,,,93.04,60.4442,32.595802,1.24,0.3847,0.8553,8.1268,4.4,1.9161999,2.4838002,,,4.8311,3,1.1242,,,,,2.7574,,,,,14.1935,,13.684199,0.4696,,,0.4071,13.8095,,0.81369996,,0.6489,,8.4783,0.7801,,12.493099,,4.0134,,,6.3176,,,,9.805699,0.3268,,2.3529,,,10.986899,3.4002,2.6334999,,14.0,16.3126,,,,0.4622,,,1.4956,,,0.6469,,,,10.7143,0.60649997,0.274,,,12.1263,,20,,,,0.92579997,0.078,0.2706,0.1796,6.0983,,,9.8566,3.6364,11.3333,7.6098,,0.28059998,,0.4107,0.8645,5,,7.878,8.8398,8.375899,7.7458,3.3848,12.5,0.236,,,0.72169995,12.6593,,,2.3708,,0.5309,9.3881,,,,,,14.936299,0.3951,0.2708,,,,,,60.4442,8.3601,,,,1.5079,1.1865,0.4928,,,,,8.9106,,1.0454999,12.533299,,
India,1988,,11.979799,5.17,1.3799,3.7901,0.4283,27.96,20.1807,7.779299,1.7758,0.29999998,0.5628,1.15,0.6326,0.51739997,1.43,1.1323999,0.29760003,6.4673,3.42,1.3955,2.0245001,1.3,0.6637,0.63629997,,,,,11.666699,0.87479997,22.49,15.8694,6.6205997,1.3,0.7479,0.55209994,4.72,2.5486,2.1713998,3.18,,,1.53,0.69659996,0.8334,1.84,0.8922,0.94780004,63.79,,,93.04,60.006397,33.033604,1.24,0.3353,0.90470004,13.1621,4.4,2.0019,2.3981001,,,5.3775997,2.8999999,1.1345999,,,,,2.7898998,,,,,14.422,,13.9487,0.4935,,,0.65819997,13.636399,,1.5999999,,0.62869996,,8.808499,0.8447,,11.200999,,4.4518,,,6.3332996,,,,10.0,0.3696,,2.2726998,,,9.4415,3.6636,2.9231,,13.272699,19.4921,,,,0.5441,,,1.7481999,,,0.8131,,,,10.169499,0.6347,0.3418,,,9.304,,20.338999,,,,0.9442,0.072299995,0.3376,0.22019999,6.204,,,10.619599,3.6364,10.526299,7.303,,0.2941,,0.3909,1.0608,5,,7.625,9.5062,10.894899,4.2969,3.6796,12.518499,0.3207,,,0.6847,15.817699,,,2.3374999,,0.53499997,9.6552,,,,,,15.749499,0.4394,0.2785,,,,,,60.006397,7.7581997,,,,1.6279999,1.1553,0.5101,,,,,9.6356,,0.9091,12.5806,,
India,1989,,19.2584,5.17,1.5925,3.5775,0.4026,27.96,19.384699,8.5753,1.9164,0.29999998,0.9715,1.15,0.78849995,0.36150002,1.43,0.9299,0.50009996,6.4862,3.42,1.6315999,1.7884002,1.3,0.6724,0.62759995,,,,,14.6565,0.942,22.49,15.929,6.561,1.3,0.9058,0.39419997,4.72,2.616,2.1039999,3.18,,,1.53,0.8693,0.66069996,1.84,0.8014,1.0386,63.79,,,93.04,60.9922,32.047802,1.24,0.5295,0.7105,13.356,4.4,2.2444,2.1556,,,5.808,2.9412,1.2188,,,,,2.7465,,,,,14.151799,,13.959399,0.5183,,,0.7364,13.913,,2.6515,,0.7532,,8.792399,0.8829,,13.6634,,4.7235,,,6.4052,,,,10.2069,0.42119998,,2.25,,,10.6442995,3.8957999,2.8911,,15.0,15.054899,,,,0.396,,,1.8791,,,0.8484,,,,11.5,0.67859995,0.30089998,,,9.8884,,20.3333,,,,0.9741,0.0835,0.3507,0.2214,6.25,,,10.1763,3.6364,12.5,7.5,,0.29999998,,0.4247,1.3088,5,,7.7917,9.5914,9.965199,4.4508,5.2156997,12.7857,0.2747,,,0.779,14.536099,,,2.4088,,0.5857,9.5,,,,,,15.6491995,0.5456,0.31219998,,,,,,60.9922,8.075,,,,1.6923,1.3072,0.5261,,,,,9.7683,,0.6939,12.5478,,
India,1990,,19.5973,5.17,1.4998,3.6702,0.4172,27.96,20.5381,7.4219,1.8912,0.29999998,0.5344,1.15,0.70269996,0.44730002,1.43,0.9044,0.52559996,6.4595,3.42,1.5178,1.9022001,1.3,0.69049996,0.6095,,,,,14.5652,0.90929997,22.49,15.713599,6.7764006,1.3,0.8305,0.46949995,4.72,2.6125,2.1074998,3.18,,,1.53,0.8136,0.71639997,1.84,1.0145,0.8255,63.79,,,93.04,65.5915,27.448502,1.24,0.53459996,0.70540005,15.8587,4.4,2.1211,2.2789001,,,5.8434997,3,1.1995,,,,,2.9561,,,,,14.1375,,14.0,0.538,,,0.8842,14.2265,,2.4615,,0.6518,,8.8421,0.88089997,,13.613999,,4.9017,,,6.4150996,,,,10.169499,0.41419998,,2.2856998,,,11.0899,3.889,2.8518999,,15.094299,16.2605,,,,0.5912,,,1.8326,,,0.8911,,,,11.5692,0.63519996,0.28959998,,,10.2156,,20.1639,,,,1.0284,0.0809,0.3527,0.2199,6.2465997,,,10.686299,3.8035998,12.6866,7.8451996,,0.3048,,0.3312,1.1312,5.2205997,,8.1503,10,12.3637,4.5161,5.3306,13.103399,0.3218,,,0.76299995,16.1394,,,4,,0.5491,9.346399,,,,,,15.675099,0.5776,0.3321,,,,,,65.5915,7.9663,,,,1.6581,1.3353,0.55009997,,,,,10.1407995,,0.81299996,12.5,,
India,1991,,20.7425,5.17,1.6965,3.4735003,0.3645,27.96,21.8925,6.067499,1.9262999,0.29999998,0.7606,1.15,0.67359996,0.47640002,1.43,0.8185,0.61149997,6.5375,3.42,1.3763,2.0437002,1.3,0.5706,0.7294,,,,,14.5385,1.0903,22.49,16.254,6.236,1.3,0.9044,0.39559996,4.72,2.6271,2.0928998,3.18,,,1.53,0.65529996,0.8747,1.84,0.78249997,1.0575001,63.79,,,93.04,65.3949,27.645103,1.24,0.56479996,0.67520005,14.6825,4.4,2.2814,2.1186001,,,6.068,2.9524,1.0991,,,,,2.6153998,,,,,15.679199,,14.2616,0.5539,,,0.8106,14.7843,,2.6429,,0.7122,,8.8292,0.7294,,13.5706,,4.9052,,,6.4888,,,,10.4133,0.4188,,2.2726998,,,10.3043995,3.9311,3.05,,14.8935995,16.6195,,,,0.4797,,,1.8374,,,0.95129997,,,,11.7647,0.7168,0.3021,,,8.121699,,21.827599,,,,1.0756999,0.0809,0.33699998,0.21139999,6.2892,,,11.0878,3.8502998,12.2105,7.5731997,,0.2803,,0.7096,1.1313,1.6554999,,7.2941,10,17.816399,4.6875,6.0526,14.3265,0.2765,,,0.6726,12.0666,,,4,,0.57839996,9.522699,,,,,,16.3948,0.3888,0.2687,,,,,,65.3949,8.3453,,,,,1.3532,0.56049997,,,,,10.195,,0.69769996,12.7146,,
India,1992,,20.0541,5.17,1.7808,3.3892002,0.44259998,27.96,23.2463,4.7136993,2.0248,0.29999998,0.80539995,1.15,0.8032,0.34679997,1.43,1.0489,0.38109994,6.5357,3.42,1.6758,1.7442001,1.3,0.84669995,0.4533,,,,,11.875,0.9544,22.49,16.0294,6.4606,1.3,0.8946,0.40539998,4.72,2.6092,2.1107998,3.18,,,1.53,0.982,0.548,1.84,0.8947,0.94530004,63.79,,,93.04,66.1458,26.894203,1.24,0.5669,0.6731,15.712,4.4,2.394,2.006,,,5.8991,2.9545,1.0964999,,,,,2.6439,,,,,20.1841,,14.2927,0.5722,,,0.94439995,18.972,,2.6297998,,0.7385,,8.9583,0.8961,,10.9359,,5.4308,,,6.6060996,,,,14.1907,0.4337,,2.2917,,,10.235499,4.1614,3.3655999,,12.931,19.205,,,,0.4632,,,1.857,,,0.8772,,,,9.459499,0.6742,0.3295,,,8.1143,,20,,,,1.1352999,0.0953,0.3972,0.2435,6.3999996,,,10.7883,4.0501,10,8.1308,,0.2769,,0.18959999,1.1725,1.7552999,,7.8472,10.8421,16.9497,4.7058997,6,14.3454,0.28239998,,,0.58809996,15.0546,,,4,,0.5329,9.5161,,,,,,16.5243,0.40469998,0.357,,,,,,66.1458,8.2835,,,,,1.3686,0.5872,,,,,11.3368,,0.89019996,12.760699,,
India,1993,,22.9677,5.17,1.6517999,3.5182002,0.3834,27.96,23.043,4.917,2.0849,0.29999998,0.7248,1.15,0.7794,0.3706,1.43,0.94089997,0.48909998,6.5044,3.42,1.6014999,1.8185002,1.3,0.6374,0.6626,,,,,14.9213,0.903,22.49,14.9024,7.5875998,1.3,0.7751,0.52489996,4.72,2.8302999,1.8896999,3.18,,,1.53,0.89809996,0.6319,1.84,1.0856999,0.7543001,63.79,,,93.04,63.873898,29.166103,1.24,0.506,0.734,16.129,4.4,2.3267,2.0733001,,,6.1082997,2.9564998,1.1310999,,,,,2.6736,,,,,15.6087,,14.320399,0.625,,,0.9267,15.1053,,2.6667,,0.68439996,,9.0062,0.8603,,13.625199,,5.4393997,,,6.6467,,,,19.8849,0.42949998,,2.3077,,,11.158199,4.0157,3.0735998,,13.978499,20,,,,0.41169998,,,1.907,,,0.9052,,,,11.625,0.6569,0.31059998,,,8.2869,,20.042099,,,,1.1087999,0.107499994,0.3886,0.2269,6.3963,,,10.9116,4.243,12.6761,8.6754,,0.3272,,0.4746,1.4857999,1.8579999,,7.9729996,10.5238,22.642199,4.7429,5.9091,14.526999,0.268,,,0.6518,16.8248,,,3.9854999,,0.5496,9.8413,,,,,,15.533799,0.4745,0.25439999,,,,,,63.873898,8.5962,,,,,1.4253,0.6332,,,,,11.1761,,0.79999995,12.7273,,
India,1994,,24.231298,5.17,1.6531,3.5169,0.36569998,27.96,24.527699,3.4323006,2.1155,0.5674,0.9183,1.15,0.8024,0.34759998,1.43,1.0271,0.40289998,6.5652,3.42,1.448,1.9720001,1.3,0.7475,0.55249995,,,,,9.8804,0.9266,22.49,16.6101,5.8799,1.3,0.84709996,0.4529,4.72,2.8645,1.8554997,3.18,,,1.53,0.7786,0.7514,1.84,0.9106,0.9294,63.79,,,93.04,67.155,25.885002,1.24,0.6106,0.6294,14.0857,4.4,2.3796,2.0204,,,6.5,2.9167,1.1511999,,,,,2.6759,,,,,17.7727,,14.356199,0.6195,,,1.0847,16.4348,,2.625,,0.7833,,8.9796,0.95849997,,10.1249,,5.7661,,,6.6864,,,,15.7857,0.4384,,2.2995,,,11.3412,4.0768,1.9566,,15.0,17.5,,,,0.35889998,,,1.9487,,,0.932,,,,10.1061,0.6321,0.3463,,,8.934999,,20.5924,,,,1.1622,0.106599994,0.3992,0.24249999,10.099999,,,10.670899,4.4585,12.666699,8.788899,,0.3209,,0.59169996,1.4075999,1.9700999,,8.367499,12.413799,22.350899,4.7222,6.2479997,13.3333,0.2686,,,0.7622,14.428599,,,4,,0.6012,9.606299,,,,,,17.1505,0.6583,0.2993,,,,,,67.155,8.4823,,,,,1.4627999,0.63699996,,,,,12.0911,,0.9859,12.7976,,
India,1995,,23.7897,5.17,1.4403,3.7297,0.4391,27.96,25.2775,2.682499,2.1117,0.5381,0.7877,1.15,0.75619996,0.39380002,1.43,1.0073,0.42269993,6.5594997,3.42,1.5946,1.8254001,1.3,0.67899996,0.621,,,,,7.6545,0.87909997,22.49,16.272,6.2180004,1.3,0.95019996,0.3498,4.72,2.6971998,2.0228,3.18,,,1.53,0.8235,0.7065,1.84,1.0121,0.82790005,63.79,,,93.04,71.199,21.841003,1.24,0.5943,0.64570004,15.0286,4.4,2.559,1.8410001,,,5.7142997,2.8976998,1.1877999,,,,,2.6857998,,,,,19.157299,,14.4230995,0.5574,,,0.98859996,17.0213,,2.7082999,,0.85319996,,9.099999,0.9173,,8.689099,,5.2497,,,6.7058997,,,,14.8333,0.3999,,2.2991,,,10.923699,4.2475,1.9,,15.901,17.5,,,,0.3667,,,1.8744999,,,0.9438,,,,10.1157,0.6781,0.3403,,,8.5938,,20.661,,,,1.3258,0.1153,0.4129,0.23779999,9.2857,,,10.608399,4.5971,13.101999,8.919499,,0.3161,,0.658,1.2048,2.0503,,8.7396,8.1411,21.6488,4.8634,6.4365997,11.3636,0.31399998,,,0.64699996,13.25,,,4.1143,,0.6541,9.5455,,,,,,16.8944,0.5348,0.2908,,,,,,71.199,8.0643,,,,,1.4873999,0.5722,,,,,10.1637,,0.8681,12.941199,,
India,1996,,23.513699,5.17,1.8325,3.3375,0.4168,27.96,23.852798,4.1072006,2.181,0.5333,0.92149997,1.15,0.8289,0.3211,1.43,1.1378,0.29219997,6.5948,3.42,1.7093999,1.7106001,1.3,0.8186,0.48139995,,,,,9.4156,0.8361,22.49,16.991299,5.498701,1.3,0.9165,0.38349998,4.72,2.8226,1.8973999,3.18,,,1.53,0.95909995,0.5709,1.84,1.0318999,0.8081001,63.79,,,93.04,67.7349,25.3051,1.24,0.6477,0.5923,16.0046,4.4,2.4828,1.9172001,,,5.5797997,2.8968,1.1588,,,,,2.7027,,,,,20.511099,,14.5455,0.658,,,1.2189,16.0714,,2.8235,,0.6997,,9.0385,1.1292,,9.4230995,,5.1296,,,6.686,,,,14.6515,0.46199998,,2.2974,,,10.9267,4.6436996,3.3072999,,16.9355,20.0149,,,,0.4039,,,1.9988999,,,1.3921,,,,8.6792,0.5685,0.3463,,,8.413199,,20.4473,,,,1.3852,0.1273,0.4339,0.2505,10.0,,,10.346499,4.7314997,13.516,9.090899,,0.27789998,,0.5611,1.3349999,2.1245,,9.069799,10,20.372099,5.1351,6.6667,10.0,0.3109,,,0.6699,14.6341,,,4.2562,,0.5771,9.552199,,,,,,17.1997,0.5604,0.3215,,,,,,67.7349,8.0716,,,,,1.3584,0.6728,,,,,11.2542,,0.9959,13.005799,,
India,1997,,29.8434,5.17,1.9303,3.2397,0.3511,27.96,22.1117,5.848299,2.2286,0.4597,0.81579995,1.15,0.6501,0.49989998,1.43,1.0395,0.39049995,6.5583,3.42,1.7111,1.7089001,1.3,0.8073,0.49269998,,,,,11.1965,0.9866,22.49,19.3913,3.0986996,1.3,1.0172,0.28279996,4.72,2.8457,1.8742998,3.18,,,1.53,0.692,0.838,1.84,1.0789,0.76110005,63.79,,,93.04,66.4958,26.544205,1.24,0.5115,0.7285,17.5,4.4,2.6789,1.7211001,,,5.8750997,2.8878,1.178,,,,,2.7133,,,,,21.8352,,14.4681,0.6525,,,1.2925,17.2414,,2.7933,,0.8129,,9.0566,1.0351,,10.446199,,4.8307,,,6.7051997,,,,14.186,0.4016,,2.3009,,,12.265699,4.4522,3.3158,,17.741499,21.754,,,,0.4253,,,1.979,,,1.0042,,,,8.4753,0.7025,0.3732,,,9.166699,,20.7966,,,,1.4589,0.1241,0.43949997,0.24409999,10.0,,,9.0141,5.0772,13.872499,8.9474,,0.29909998,,0.65999997,1.2286999,2.3005,,8.5714,10.9727,23.3148,5.2123,6.838,10.0,0.3111,,,0.75589997,14.4986,,,4.4396,,0.6196,9.5652,,,,,,18.9509,0.6141,0.34219998,,,,,,66.4958,8.485,,,,,1.4439,0.659,,,,,11.763499,,0.8013,13.1579,,
India,1998,,32.8261,5.17,1.9577999,3.2122002,0.3459,27.96,25.2815,2.6784992,2.2484,0.4387,0.79819995,1.15,0.6987,0.45129997,1.43,1.2143999,0.21560001,6.5811996,3.42,1.7968999,1.6231002,1.3,0.81549996,0.4845,,,,,10.1125,0.8915,22.49,14.601999,7.8880005,1.3,0.66789997,0.6321,4.72,2.8804998,1.8395,3.18,,,1.53,0.8592,0.6708,1.84,1.1000999,0.7399001,63.79,,,93.04,71.1338,21.906204,1.24,0.5172,0.7228,15.073199,4.4,2.4852,1.9148002,,,5.8002,2.8773,1.2426,,,,,2.7333,,,,,23.1304,,14.538199,0.5333,,,1.2312,17.88,,2.79,,0.81079996,,9.0741,1.1705999,,9.778,,4.9872,,,6.6857,,,,16.125,0.39069998,,2.3044,,,12.0749,4.6323,3.3718,,18.727,24.25,,,,0.43809998,,,1.875,,,0.99039996,,,,8.4846,0.624,0.2899,,,7.3071,,20.8578,,,,1.5633,0.1059,0.4244,0.2304,10.0313,,,11.3905,4.9955,14.2105,10.2949,,0.3048,,0.5363,1.2968999,2.2835999,,10.416699,11.0822,23.3487,5.3441,7.0435996,8.962999,0.3132,,,0.5507,13.428599,,,4.8531,,0.5855,9.5714,,,,,,15.9256,0.59999996,0.3277,,,,,,71.1338,8.6907,,,,,1.3922,0.5532,,,,,11.970699,,1.0016999,13.0538,,
India,1999,,34.3061,5.17,1.9397,3.2303,0.48,27.96,23.9523,4.0077,2.3137,0.4191,0.8768,1.15,0.7032,0.4468,1.43,0.7657,0.66429996,6.6102,3.42,1.7922,1.6278001,1.3,0.7277,0.57229996,,,,,10.7646,0.8451,22.49,17.5712,4.9188004,1.3,0.8696,0.43039995,4.72,2.9782,1.7417998,3.18,,,1.53,0.8472,0.6828,1.84,1.138,0.702,63.79,,,93.04,76.5328,16.507202,1.24,0.5385,0.7015,17.5957,4.4,2.5901,1.8099,,,5.974,2.8669,1.1071,,,,,2.7382,,,,,23.416698,,14.584499,0.6516,,,0.9788,18.76,,2.7635999,,0.803,,9.0444,1.0976,,10.419399,,4.8809,,,6.6292,,,,16.0816,0.4147,,2.3078,,,12.2513,4.1692,3.3918,,20.0,25.422499,,,,0.4709,,,2.0022,,,1.0777999,,,,9.0308,0.67539996,0.35349998,,,6.9789996,,20.9165,,,,1.5747,0.12619999,0.4229,0.21949999,10.2424,,,9.932099,5.3261,17.8667,8.88,,0.30429998,,0.6222,1.6319,2.4559,,11.639999,13.1854,27.397799,5.4709,7.7391,9.6428995,0.31669998,,,0.7874,13.558,,,5.1601996,,0.69119996,9.577499,,,,,,17.7787,0.5502,0.3076,,,,,,76.5328,8.5744,,,,,1.4489,0.66279995,,,,,12.9932995,,0.9241,13.0550995,,
India,2000,,30.098598,5.17,1.9971999,3.1728,0.48709998,27.96,26.908699,1.0513,2.2942,0.39299998,0.9467,1.15,0.5979,0.5521,1.43,0.9881,0.44189996,6.5417,3.42,1.8216,1.5984001,1.3,0.77449995,0.5255,,,,,9.7581,1.0294,22.49,18.6443,3.8456993,1.3,0.9604,0.33959997,4.72,2.8508,1.8691998,3.18,,,1.53,0.7639,0.7661,1.84,0.8222,1.0178001,63.79,,,93.04,70.9349,22.105103,1.24,0.602,0.638,16.152199,4.4,2.7784998,1.6215003,,,4.5652,2.8564,1.1379,,,,,2.748,,,,,22.878,,14.5833,0.75799996,,,0.81759995,18.88,,2.7804,,0.83269995,,9.090899,1.176,,9.646999,,4.7174997,,,6.6110997,,,,16.24,0.3831,,2.3113,,,11.3765,4.2103,3.3571,,20.3783,28.25,,,,0.484,,,2.0256999,,,1.0777,,,,8.8098,0.7382,0.406,,,7.0639997,,20.4762,,,,1.5749999,0.15689999,0.39859998,0.22369999,9.7713995,,,10.4913,5.5253,15,8.8462,,0.2997,,0.6444,1.7341,2.5319,,10.6923,13.830899,25.517,5.5931,7.4172997,10.037,0.301,,,0.7861,14.5714,,,5.4879,,0.70419997,9.5833,,,,,,19.140099,0.5938,0.301,,,,,,70.9349,9.7421,,,,,1.1998,0.7693,,,,,13.1868,,1.0265,12.75,,
India,2001,,30.480299,5.17,1.8399999,3.3300002,0.5476,27.96,26.699799,1.2602005,2.4231,0.4155,0.95879996,1.15,0.5836,0.5664,1.43,1.1265,0.30349994,6.5108,3.42,1.9995999,1.4204001,1.3,0.8998,0.40019995,,,,,10.3194,0.8602,22.49,18.3627,4.1273003,1.3,0.9353,0.36469996,4.72,3.1158,1.6041999,3.18,,,1.53,0.7715,0.7585,1.84,0.94,0.90000004,63.79,,,93.04,68.5766,24.463402,1.24,0.57739997,0.66260004,15.7390995,4.4,2.7080998,1.6919003,,,5.125,2.846,1.1379,,,,,2.7575,,,,,22.4389,,14.6874,0.6429,,,0.91069996,18.0385,,2.7972,,0.7435,,9.021299,1.2148,,9.7803,,4.712,,,6.5959,,,,16.383,0.39229998,,2.3148,,,11.4464,4.14,3.2649,,20.918299,21.199999,,,,0.4303,,,2.182,,,1.1759,,,,8.3873,0.6193,0.3509,,,6.6207,,21.0213,,,,1.5735999,0.16589999,0.4121,0.226,9.5429,,,10.5932,5.5596,13.538899,9.4,,0.3023,,0.7879,1.4794999,2.6069,,10.259299,14.1928,35.1479,5.7113,7.5386996,9.4063,0.29909998,,,0.6185,15.25,,,5.8725,,0.654,9.587,,,,,,19.0135,0.4755,0.4177,,,,,,68.5766,8.8368,,,,,1.3076999,0.65599996,,,,,13.1902,,0.96029997,13.094,,
India,2002,,27.9916,5.17,2.1599998,3.0100002,0.3335,27.96,27.2746,0.6854,2.1873,0.42029998,0.9385,1.15,0.5974,0.55259997,1.43,0.6943,0.73569995,6.4909,3.42,1.6807,1.7393001,1.3,0.6271,0.67289996,,,,,8.8242,0.9065,22.49,19.4173,3.0727005,1.3,1.0019,0.2981,4.72,2.6162999,2.1037,3.18,,,1.53,0.76019996,0.7698,1.84,0.7624,1.0776,63.79,,,93.04,67.3696,25.670403,1.24,0.53139997,0.70860004,16.2897,4.4,2.7621,1.6379001,,,4.8333,2.8355,1.3793,,,,,2.7667,,,,,22.0,,14.7402,0.6267,,,0.7341,18.1111,,2.8141,,0.853,,8.9971,1.0824,,9.0364,,4.6218,,,6.5765996,,,,16.699999,0.4197,,2.3183,,,11.018499,4.3877,3.2015998,,21.5385,24.9305,,,,0.2968,,,2.1444,,,1.1315,,,,8.7644,0.6629,0.39029998,,,6.3588,,21.0857,,,,1.5918,0.174,0.36879998,0.2065,9.4857,,,9.911699,5.7486,13.219399,10.3651,,0.3039,,0.5882,1.8585999,2.7077,,10.4615,11.7662,31.5765,5.8496,7.6587996,6.7999997,0.28309998,,,0.6791,14.75,,,6.2602997,,0.6034,9.5913,,,,,,19.691,0.5689,0.3055,,,,,,67.3696,8.5694,,,,,1.5713999,0.64089996,,,,,12.129499,,0.9934,13.148,,
India,2003,,27.790998,5.17,2.006,3.164,0.45619997,27.96,26.2135,1.7465,2.3994,0.38349998,0.85859996,1.15,0.96,0.19,1.43,1.3574,0.07260001,6.4726,3.42,2.0405,1.3795002,1.3,1.0868,0.21319997,,,,,6.6524997,0.8914,22.49,17.320799,5.169201,1.3,0.8538,0.44619995,4.72,3.1176999,1.6022999,3.18,,,1.53,0.754,0.77599996,1.84,1.1929,0.6471001,63.79,,,93.04,63.5761,29.463902,1.24,0.4644,0.7756,15.9079,4.4,2.61,1.7900002,,,5.8799996,2.8251,1.1769,,,,,2.7759,,,,,23.062399,,14.792399,0.6494,,,1.1108,17.1429,,2.8309,,0.7173,,8.9703,1.5958999,,8.0301,,4.4906,,,6.5564,,,,15.66,0.5313,,2.3216999,,,11.7973995,4.0987,3.1769,,21.7169,23.9501,,,,0.5345,,,2.1731,,,1.0557,,,,9.8468,0.6328,0.3926,,,7.8434997,,21.2171,,,,1.6626999,0.17469999,0.5002,0.2599,9.5405,,,11.3174,5.9294996,12.5,13.854199,,0.3003,,0.4622,1.5067999,2.8077,,8.6175995,10.308599,29.073898,5.8216996,7.7771997,6.7556,0.2963,,,0.6507,14.555599,,,6.6667,,0.581,9.5955,,,,,,17.7304,0.4831,0.45999998,,,,,,63.5761,8.5694,,,,,1.4848,0.6633,,,,,11.295099,,1.0164,13.205299,,
India,2004,,28.3998,5.17,1.9749999,3.1950002,0.3284,27.96,27.0436,0.916399,2.35,0.3669,0.83199996,1.15,0.99329996,0.15670002,1.43,1.0202,0.40979993,6.4551,3.42,1.9073,1.5127001,1.3,0.91209996,0.3879,,,,,8.635099,1.0221,22.49,18.8091,3.6809006,1.3,1.1589999,0.14100003,4.72,2.9756,1.7443998,3.18,,,1.53,0.7161,0.8139,1.84,0.90819997,0.93180007,63.79,,,93.04,59.379898,33.660103,1.24,0.5492,0.6908,16.1607,4.4,2.7131999,1.6868002,,,7.5625997,2.8204,1.2033,,,,,2.7765,,,,,21.931,,14.8481,0.6859,,,1.0677999,18.4405,,2.8487,,0.81119996,,8.9414,1.6075,,8.9366,,4.3336997,,,6.5344,,,,16.416199,0.5058,,2.3337,,,10.511399,4.9755,3.5475998,,21.9697,25.5156,,,,0.5531,,,2.1863,,,1.0874,,,,8.8993,0.7413,0.41239998,,,6.0260997,,21.347,,,,1.7038,0.1775,0.4619,0.2443,10.2843,,,12.643499,6.0092998,12.5,6.2482,,0.3003,,0.5512,1.9032999,2.8727999,,9.4819,11.0391,34.3509,5.9193997,7.5769,6.6661997,0.3136,,,0.6674,15.255899,,,7,,0.5897,9.5984,,,,,,19.0742,0.3707,0.3656,,,,,,59.379898,8.8588,,,,,1.4873999,0.70199996,,,,,12.1907,,1.1148,13.2595,,
India,2005,,33.1656,5.17,1.958,3.2120001,0.3269,27.96,30.497799,0,2.4115999,0.3326,0.8265,1.15,1.1326,0.017400026,1.43,1.1867,0.24329996,6.4135,3.42,1.9384999,1.4815001,1.3,0.86289996,0.4371,,,,,8.7671995,0.99289995,22.49,18.8908,3.5991993,1.3,1.0378,0.2622,4.72,3.1536999,1.5662999,3.18,,,1.53,0.79679996,0.7332,1.84,1.0734,0.7666,63.79,,,93.04,64.7517,28.2883,1.24,0.61509997,0.62490004,17.4622,4.4,2.6016,1.7984002,,,7.5379,2.8216,1.2427,,,,,2.78,,,,,21.242199,,14.914599,0.6634,,,1.1464,18.93,,2.8674998,,0.8146,,8.837999,1.5491999,,9.7553,,4.5628,,,6.522,,,,16.3358,0.5629,,2.3542,,,10.7592,4.4872,3.7670999,,22.0896,25.862799,,,,0.5844,,,2.3625,,,1.1082,,,,13.0938,0.6763,0.3782,,,6.0037,,21.4541,,,,1.7955999,0.1858,0.5125,0.26839998,9.8303995,,,13.406099,6.1384,12.5,6.2160997,,0.29999998,,0.43789998,2.0981998,2.9543,,8.7705,11.0057,31.553099,6.0603,7.5158,7.0386996,0.3198,,,0.667,15.4457,,,7.3174996,,0.5846,9.599999,,,,,,19.6803,0.4703,0.37199998,,,,,,64.7517,8.8477,,,,,1.4981999,0.677,,,,,12.295099,,1.0389999,13.410299,,
India,2006,,34.753098,5.17,1.9377999,3.2322001,0.3825,27.96,32.113197,0,2.4464998,0.3453,0.8027,1.15,1.3151,0,1.43,0.86609995,0.5639,6.4332,3.42,1.9124999,1.5075002,1.3,0.8804,0.41959995,,,,,7.7928,0.9127,22.49,18.592,3.8980007,1.3,1.1175,0.1825,4.72,3.1759,1.5440998,3.18,,,1.53,0.8803,0.6497,1.84,1.0627999,0.7772001,63.79,,,93.04,66.9281,26.1119,1.24,0.5685,0.6715,17.9828,4.4,2.6188,1.7812002,,,8.0053,2.8228,1.2675999,,,,,2.7833998,,,,,22.2379,,14.967,0.6846,,,1.1925,18.4446,,2.8864,,0.8085,,8.7928,1.6280999,,8.2072,,5.2342,,,6.4937997,,,,16.7309,0.6178,,2.3746998,,,10.845099,4.4344,3.5370998,,21.944399,24.9939,,,,0.5681,,,2.3476999,,,1.1357,,,,8.035,0.62659997,0.3949,,,6.086,,21.5499,,,,1.8786,0.1635,0.5256,0.2616,10.1445,,,14.123699,6.2578998,12.4065,6.6983,,0.3002,,0.4904,2.0428998,3.0365999,,8.778299,12.227799,34.2359,6.1484,7.5167,7.9343,0.357,,,0.7647,15.3228,,,7.619,,0.6123,9.5984,,,,,,19.6716,0.627,0.3752,,,,,,66.9281,8.684899,,,,,1.4812,0.7018,,,,,12.957999,,1.1688,13.4890995,,
India,2007,,36.2052,5.17,2.0582,3.1118002,0.39299998,27.96,32.220398,0,2.5832999,0.3355,0.83959997,1.15,1.4613,0,1.43,1.4593999,0,6.4217997,3.42,2.3351998,1.0848002,1.3,1.0835999,0.21640003,,,,,9.1329,0.8053,22.49,16.410099,6.0799007,1.3,1.0954,0.20459998,4.72,3.2924,1.4275999,3.18,,,1.53,0.8443,0.6857,1.84,1.2350999,0.6049001,63.79,,,93.04,69.033,24.007004,1.24,0.766,0.47400004,16.8708,4.4,2.7079,1.6921,,,6.4444,2.824,1.2629,,,,,2.7865999,,,,,22.4257,,15.019199,0.726,,,1.3379999,18.3377,,2.9052,,0.8452,,8.748099,1.6013,,8.9179,,5.6155,,,6.4711,,,,16.6426,0.6581,,2.3952,,,11.2458,4.8763,3.7078,,21.9753,25.9277,,,,0.70129997,,,2.2549,,,1.1949999,,,,7.8338,0.61899996,0.39409998,,,6.376,,21.647299,,,,1.7981,0.16659999,0.6107,0.3051,10.2778,,,16.9306,6.9431,12.577399,6.1449,,0.3056,,0.4667,1.9732,3.1199,,8.8588,12.7720995,35.0482,6.2360997,7.5309,8.0875,0.2805,,,0.6497,15.6552,,,7.7436,,0.597,9.5994,,,,,,17.8685,0.6857,0.42069998,,,,,,69.033,8.697599,,,,,1.4053999,0.738,,,,,13.4129,,1.0713999,13.569099,,
India,2008,,36.977398,5.17,1.9914,3.1786,0.37629998,27.96,33.5407,0,2.6378999,0.3312,0.76049995,1.15,1.2576,0,1.43,1.1626999,0.2673,6.4107,3.42,2.414,1.006,1.3,1.0301,0.26989996,,,,,9.377399,0.7482,22.49,19.2973,3.1926994,1.3,1.0007,0.29929996,4.72,3.2509,1.4690998,3.18,,,1.53,1.0209,0.50909996,1.84,1.0415,0.79850006,63.79,,,93.04,68.8772,24.162804,1.24,0.63879997,0.60120004,18.2032,4.4,2.8021998,1.5978003,,,7.5794997,2.8251,1.2312,,,,,2.7897,,,,,22.217999,,15.0707,0.7661,,,1.352,18.515999,,2.924,,0.76199996,,8.7031,1.63,,9.257299,,5.3322,,,6.448,,,,17.251299,0.58599997,,2.4157,,,11.7095995,5.1839,3.7378,,23.5294,25.5147,,,,0.65749997,,,2.2072,,,1.3199999,,,,8.2619,0.61829996,0.34829998,,,6.3594,,21.7446,,,,1.8671999,0.168,0.5279,0.2613,10.267799,,,16.265,6.4782,12.5138,6.5836,,0.34469998,,0.4188,1.8391,3.1973999,,9.5583,13.0083,37.030598,6.324,7.5153,7.9585,0.2382,,,0.825,15.5625,,,7.8461,,0.6042,9.6003,,,,,,20.469599,0.6419,0.3539,,,,,,68.8772,8.8942995,,,,,1.4,0.78099996,,,,,13.4867,,1.2013,13.6494,,
India,2009,,34.3626,5.17,2.3934999,2.7765002,0.405,27.96,34.3433,0,2.5807998,0.3471,0.7484,1.15,1.2377,0,1.43,0.99109995,0.4389,6.4009,3.42,2.0238,1.3962002,1.3,0.7977,0.50229996,,,,,9.2332,0.9163,22.49,18.810299,3.6797009,1.3,1.1432999,0.15670002,4.72,3.2366,1.4833999,3.18,,,1.53,0.96209997,0.5679,1.84,1.0236,0.81640005,63.79,,,93.04,64.5535,28.486504,1.24,0.5761,0.6639,18.6092,4.4,2.9071,1.4929001,,,7.2444997,2.8263,1.2433,,,,,2.7926998,,,,,22.145699,,15.1214,0.7783,,,1.3729999,18.7214,,2.9427998,,0.89479995,,8.6592,1.5679,,9.1825,,5.7114,,,6.4258,,,,17.2874,0.58889997,,2.4362,,,11.235,5.0003,3.4987,,24.0,23.474998,,,,0.68439996,,,2.4919999,,,1.0964999,,,,8.136499,0.6929,0.4148,,,5.5218997,,21.841599,,,,1.7765,0.1743,0.5288,0.2571,10.4815,,,16.0788,6.5734,12.5089,6.6796,,0.2663,,0.4321,1.9032999,3.2786,,9.2616,12.3083,40.8934,6.4126,7.5158997,8.3793,0.1986,,,0.6716,15.964299,,,7.9234996,,0.6706,9.601299,,,,,,20.2139,0.6422,0.303,,,,,,64.5535,9.007999,,,,,1.5942,0.7913,,,,,13.401,,1.1688,13.729,,
India,2010,,35.879498,5.17,2.1717,2.9983,0.4445,27.96,34.7555,0,2.6764,0.2786,0.8146,1.15,1.594,0,1.43,1.4103999,0.019600034,6.3925,3.42,2.5400999,0.8799002,1.3,1.1273,0.17269993,,,,,9.451,0.88269997,22.49,19.9299,2.5601006,1.3,1.1841999,0.11580002,4.72,3.3586998,1.3613,3.18,,,1.53,0.8602,0.6698,1.84,1.333,0.5070001,63.79,,,93.04,70.0191,23.020905,1.24,0.7,0.54,19.5984,4.4,2.8395,1.5605001,,,6.2820997,2.8274999,1.1947,,,,,2.7956,,,,,24.2309,,15.1711,0.6641,,,1.5259999,18.881899,,2.9617,,0.9155,,8.6173,1.5445,,9.629399,,5.7176,,,6.4052,,,,17.248499,0.677,,2.4566998,,,11.794,5.0587,3.5830998,,23.7038,8.2773,,,,0.7367,,,2.3437,,,1.2229999,,,,8.8945,0.69729996,0.44939998,,,6.4986,,21.938099,,,,1.8070999,0.1811,0.65099996,0.30359998,10.6261,,,14.2086,6.6865997,12.4095,6.5167,,0.2778,,0.4242,2.0327,3.3924,,9.716599,13.6038,39.5849,6.5945997,7.5144997,8.302,0.2604,,,0.7098,15.0903,,,8,,0.6497,9.6022,,,,,,20.9194,0.6213,0.42949998,,,,,,70.0191,9.2069,,,,,1.5531,0.6825,,,,,13.8182,,1.2337999,13.807099,,
India,2011,,35.7252,5.17,2.3574,2.8126001,0.3936,27.96,36.476997,0,2.8607,0.2549,0.83779997,1.15,1.5748,0,1.43,1.3115,0.118499994,6.3852,3.42,2.4784,0.9416001,1.3,1.1854,0.11459994,,,,,9.503099,0.8157,22.49,22.723999,0,1.3,1.2571,0.042899966,4.72,3.5878,1.1321998,3.18,,,1.53,0.94869995,0.5813,1.84,1.1998,0.6402,63.79,,,93.04,69.2466,23.793404,1.24,0.7082,0.53180003,19.1052,4.4,2.9886,1.4114001,,,10,2.8286998,1.1947,,,,,2.7983,,,,,21.542,,15.219899,0.70769995,,,1.5602,18.2791,,2.9805,,0.89449996,,8.5779,1.5859,,9.882199,,4.9642,,,6.3862996,,,,17.494099,0.67249995,,2.4772,,,11.9015,5.2732,4.7082,,23.6143,11.1261,,,,0.7747,,,2.4505,,,1.2714,,,,9.6256,0.5908,0.4095,,,6.6120996,,18.7316,,,,1.8182,0.1777,0.6308,0.2976,11.6145,,,16.1062,6.7999997,12.531899,5.9944997,,0.3161,,0.4118,2.189,3.4459999,,9.8939,13.2295,37.9651,6.5843997,7.5115,9.5054,0.2826,,,0.65489995,15.8989,,,8.0769,,0.6174,9.603,,,,,,23.4152,0.65489995,0.42589998,,,,,,69.2466,9.2456,,,,,1.6939,0.7222,,,,,14.1677,,1.1688,21.313099,,
India,2012,,34.1611,5.17,2.5194,2.6506002,0.4132,27.96,38.5818,0,2.9635,0.20629999,0.8517,1.15,1.5173999,0,1.43,0.98429996,0.4457,6.3234997,3.42,2.5556998,0.86430025,1.3,0.99979997,0.3002,,,,,8.8843,0.9339,22.49,21.753,0.7369995,1.3,1.1205,0.17949998,4.72,3.6908998,1.0291,3.18,,,1.53,0.9568,0.5732,1.84,1.3529999,0.4870001,63.79,,,93.04,71.6343,21.4057,1.24,0.6634,0.5766,20.5656,4.4,3.1775,1.2225001,,,6.845,2.8299,1.4677,,,,,2.8181999,,,,,21.569199,,15.2941,0.7406,,,1.5916,18.795399,,2.9993,,0.9255,,8.5,1.6431999,,9.7139,,4.9414997,,,6.3395996,,,,18.2572,0.6519,,2.4977,,,11.605,5.0744,4.8774,,23.486399,19.146599,,,,0.77459997,,,2.3899999,,,1.2989,,,,9.7098,0.6778,0.47059998,,,6.8107996,,20.8158,,,,2.0362,0.1964,0.6383,0.2786,12.082999,,,15.981899,6.8162,12.5584,5.9465,,0.3238,,0.4364,2.0203,3.5368,,9.663099,12.950299,40.772697,6.6667,7.508,9.1739,0.205,,,0.6511,14.705899,,,7.963,,0.6473,9.6078,,,,,,22.861,0.8146,0.4015,,,,,,71.6343,9.7174,,,,,1.7825999,0.7571,,,,,14.257899,,1.2698,24.3239,,
India,2013,,34.642,5.17,2.518,2.6520002,0.4418,27.96,34.9594,0,2.9775,0.197,0.84559995,1.15,1.6179,0,1.43,1.7206,0,6.3529,3.42,2.5726,0.8474002,1.3,1.1886,0.11140001,,,,,10.1296,1.0991,22.49,22.7606,0,1.3,1.2334,0.066599965,4.72,3.6243,1.0956998,3.18,,,1.53,0.8502,0.6798,1.84,1.0123,0.8277,63.79,,,93.04,68.24,24.800003,1.24,0.7506,0.48940003,20.7125,4.4,3.1538,1.2462001,,,6.1377997,2.8309999,1.3655,,,,,2.8181999,,,,,22.940899,,15.2941,0.75909996,,,1.6243999,19.6194,,3.0181,,1.0364,,8.5,1.9252,,10.4042,,5.5748,,,6.3395996,,,,18.620499,0.6888,,2.5182,,,12.0652,5.0766,5.0221,,23.379,21.0424,,,,0.784,,,2.4299998,,,1.0799999,,,,9.8883,0.7969,0.4966,,,7.2008,,20.6667,,,,2.0,0.1727,0.63019997,0.3064,11.9633,,,15.8578,7.0087,12.5735,6.6440997,,0.32799998,,0.4964,2.0268,3.6346998,,10.9172,11.798599,41.0667,6.6667,7.5065,9.5182,0.424,,,0.77639997,14.9619,,,8,,0.7313,9.6078,,,,,,23.2421,0.7267,0.4261,,,,,,68.24,10.128799,,,,,1.7161,0.77129996,,,,,13.944699,,1.1613,22.0864,,
India,2014,,37.036697,5.17,2.7171,2.4529002,0.42299998,27.96,35.6555,0,2.9664,0.2113,0.79859996,1.15,1.4131,0,1.43,1.5798999,0,6.3508,3.42,2.5726,0.8474002,1.3,1.1789,0.12109995,,,,,11.0054,0.9605,22.49,22.9224,0,1.3,1.1853,0.11469996,4.72,3.5867999,1.1331999,3.18,,,1.53,0.9568,0.5732,1.84,0.93579996,0.9042001,63.79,,,93.04,70.569496,22.470505,1.24,0.7862,0.45380002,21.2418,4.4,3.1457,1.2543001,,,7.9788,2.8230999,1.3761,,,,,2.8188,,,,,22.5901,,15.3459,0.7448,,,1.6923,19.76,,3.0244,,0.96,,8.4739,1.9252,,10.939199,,5.6073,,,6.3315,,,,19.0604,0.61399996,,2.5259,,,12.54,5.4199,4.9248,,23.3598,21.7731,,,,0.7909,,,2.6559,,,1.1767,,,,9.8984995,0.75839996,0.4836,,,7.3257,,20.5676,,,,2.0658998,0.2258,0.5775,0.283,11.914499,,,16.1201,7.0980997,13.078899,6.6523,,0.32479998,,0.5133,2.2117999,3.7171,,11.3299,14.0442,42.2863,6.8782997,7.4905,8.9229,0.4113,,,0.812,15.8057995,,,8.1522,,0.7055,9.6011,,,,,,23.5873,0.6358,0.4657,,,,,,70.569496,10.2755995,,,,,1.6947,0.7639,,,,,14.8303995,,1.3871,24.133299,,
India,2015,,35.5487,5.17,2.2814999,2.8885002,0.41399997,27.96,21.024,6.935999,2.8539999,0.2051,0.7726,1.15,1.3431,0,1.43,1.4764999,0,6.3452,3.42,2.6107,0.8093002,1.3,1.2758,0.024199963,,,,,11.2390995,0.91179997,22.49,23.1257,0,1.3,1.0848,0.21519995,4.72,3.6002,1.1197999,3.18,,,1.53,0.8847,0.6453,1.84,0.7344,1.1056001,63.79,,,93.04,71.466095,21.573906,1.24,0.62979996,0.61020005,21.3625,4.4,2.7496,1.6504002,,,6.6896996,2.8251998,1.66,,,,,2.8260999,,,,,22.2409,,15.4058,0.7233,,,1.6087999,19.2847,,3.0411,,0.8886,,8.4281,2.1090999,,11.413199,,5.3673,,,6.3258,,,,18.7058,0.5869,,2.5303,,,13.551499,5.4389,5.3521,,23.053099,21.6833,,,,0.7994,,,2.3146,,,1.2161,,,,11.0075,0.7046,0.5439,,,8.5654,,20.5476,,,,2.0713,0.2391,0.5086,0.2565,11.327399,,,16.1355,7.1924,13.025,7.5250998,,0.29369998,,0.45949998,1.7530999,3.7991,,13.4119,14.0055,42.7217,7.0106997,7.2142997,9.7731,0.5039,,,0.7291,17.1034,,,8.2575,,0.6415,9.599,,,,,,22.4216,0.5143,0.4366,,,,,,71.466095,11.4766,,,,,1.7125,0.7352,,,,,14.5464,,1.129,24.101099,,
India,2016,,34.6433,5.17,2.4407,2.7293,0.41369998,27.96,21.2941,6.6658993,2.9951,0.20989999,0.801,1.15,1.5982,0,1.43,1.4053,0.024699926,6.3494997,3.42,2.5972,0.82280016,1.3,1.1629,0.13709998,,,,,11.826799,0.8217,22.49,20.5087,1.9813004,1.3,1.1796,0.12039995,4.72,3.7401,0.9798999,3.18,,,1.53,0.6974,0.8326,1.84,1.1769999,0.6630001,63.79,,,93.04,70.3935,22.6465,1.24,0.5295,0.7105,24.2016,4.4,3.0339,1.3661001,,,9.1011,2.8207,1.5063,,,,,2.8211,,,,,22.3503,,15.3496,0.6477,,,1.3269,18.990599,,3.0282,,0.84029996,,8.4664,1.8743999,,11.566899,,5.4488,,,6.3322,,,,18.876299,0.6877,,2.5407,,,13.857699,5.7544,6.7212,,23.9998,21.2295,,,,0.71489996,,,2.5193,,,1.1527,,,,9.951,0.76489997,0.4195,,,8.4396,,20.7778,,,,2.0781999,0.3551,0.63879997,0.29189998,11.446199,,,15.856799,6.8636,11.839499,8.0658,,0.3023,,0.4443,1.9896,3.8851998,,13.0553,13.735499,42.931797,7.1133,8.075,9.6606,0.42639998,,,0.64599997,17.4909,,,8.3265,,0.588,9.6026,,,,,,20.1124,0.3681,0.39319998,,,,,,70.3935,11.5397,,,,,1.7174,0.6598,,,,,14.728499,,1.0645,24.4737,,
India,2017,,35.4384,5.17,2.6627998,2.5072002,0.41369998,27.96,20.959799,7.0002003,3.1276999,0.2289,0.6943,1.15,1.4018999,0,1.43,1.3978,0.03219998,6.3348,3.42,2.6885998,0.73140025,1.3,1.2709,0.029099941,,,,,12.7238,0.955,22.49,22.306099,0.18390083,1.3,1.3034999,0,4.72,3.8639,0.85609984,3.18,,,1.53,0.81219995,0.7178,1.84,1.1766,0.66340005,63.79,,,93.04,69.001396,24.038605,1.24,0.65959996,0.58040005,25.982399,4.4,3.1999,1.2001002,,,7.4262,2.8154,1.589,,,,,2.8265998,,,,,22.2962,,15.413199,0.7618,,,1.7037,18.848,,3.0472999,,0.97419995,,8.4544,2.4952,,11.592899,,5.3661,,,6.3224998,,,,17.0668,0.611,,2.5523,,,14.4927,5.2741,6.369,,,21.328499,,,,0.98899996,,,2.6595,,,1.1807,,,,9.5323,0.8376,0.5665,,,9.438499,,21.939999,,,,2.0918999,0.3981,0.6321,0.2931,11.840199,,,17.1723,7.0569997,10.3529,9.4901,,0.3092,,0.4403,3.0266,3.9722,,12.4558,13.8291,44.3284,,7.8636,10.0849,0.5455,,,0.913,16.7658,,,,,0.6805,9.6009,,,,,,21.6425,0.6509,0.4481,,,,,,69.001396,11.4063,,,,,1.724,0.7618,,,,,14.9747,,,23.977999,,
India,2018,,34.8507,5.17,2.6949,2.4751,0.4138,27.96,28.6127,0,3.2781,0.22469999,0.7651,1.15,1.1645,0,1.43,1.893,0,6.3192997,3.42,3.0653,0.3547001,1.3,1.2616,0.038399935,,,,,13.6493,1.2035999,22.49,23.954199,0,1.3,1.4103,0,4.72,3.9568,0.7631998,3.18,,,1.53,0.956,0.574,1.84,1.0584999,0.7815001,63.79,,,93.04,80.198395,12.841606,1.24,0.7818,0.45820004,25.043098,4.4,3.3681998,1.0318003,,,7.7309,2.8079998,1.6761,,,,,2.8319,,,,,22.6491,,,0.7693,,,1.9021,19.134699,,2.9185998,,1.0775,,8.4248,2.8576999,,12.5199995,,7.8269,,,6.3036,,,,17.535599,0.5209,,2.5607998,,,14.705,5.082,10.6788,,,21.0072,,,,0.96099997,,,2.5175,,,1.1820999,,,,11.007,1.0468999,0.5327,,,9.8797,,22.796299,,,,2.1127,0.3981,0.62329996,0.3242,11.9745,,,18.1027,7.1754,10,9.0873995,,0.3108,,0.4385,1.6315999,4.0583997,,13.0308,14.119499,43.398598,,7.2272997,10.0407,0.49249998,,,0.9665,16.563099,,,,,0.7353,,,,,,,23.6141,0.67289996,0.4782,,,,,,80.198395,11.450399,,,,,1.7385,0.7693,,,,,15.5007,,,24.950499,,
India,2019,,35.1732,5.17,2.8372,2.3328001,0.41459998,27.96,30.5276,0,3.4161,0.2553,0.76669997,1.15,1.4712,0,1.43,1.4219999,0.008000016,6.3216996,3.42,3.0702,0.3498001,1.3,1.2113999,0.08860004,,,,,14.495399,1.3379999,22.49,23.0971,0,1.3,1.5114,0,4.72,4.0836997,0.6363001,3.18,,,1.53,0.8491,0.6809,1.84,1.1919,0.6481,63.79,,,93.04,80.1045,12.935501,1.24,0.82549995,0.41450006,24.336699,4.4,3.5333998,0.8666003,,,7.5195,2.8093,1.7261,,,,,2.8381999,,,,,22.8175,,,0.6724,,,1.5927999,19.5333,,3.0918999,,1.041,,8.3892,2.2345998,,13.0596,,6.8257,,,6.2886,,,,17.4415,0.62149996,,2.5733,,,14.748099,8.1285,10.9024,,,21.7214,,,,0.91239995,,,2.5695,,,1.1715,,,,11.4164,0.90099996,0.5736,,,9.9654,,22.210499,,,,2.1743999,0.3619,0.6777,0.31919998,12.039,,,18.7041,6.8644,9.125,9.1067,,0.31059998,,0.43469998,1.7402999,3.9378998,,13.3511,14.2125,40.604,,7.1429,10.076099,0.47829998,,,0.7287,16.4519,,,,,0.6939,,,,,,,23.0262,0.5369,0.4854,,,,,,80.1045,10.5091,,,,,1.762,0.6724,,,,,15.6092,,,24.949999,,
India,2020,,36.34,5.17,2.9205,2.2495,0.4155,27.96,35.0289,0,3.3834,0.2653,0.7126,1.15,1.3156999,0,1.43,2.0625,0,6.3251996,3.42,3.0061,0.41390014,1.3,1.3867999,0,,,,,15.1654,1.4401,22.49,23.6772,0,1.3,1.3306999,0,4.72,4.0748,0.6451998,3.18,,,1.53,0.98929995,0.5407,1.84,0.92069995,0.9193001,63.79,,,93.04,80.4966,12.543404,1.24,0.931,0.30900002,25.1222,4.4,3.4398,0.9602001,,,9.0774,2.813,1.8500999,,,,,2.8337,,,,,23.1222,,,0.6249,,,1.7605,19.1456,,3.0988998,,1.1423,,8.6915,2.9313,,13.4632,,6.4455,,,6.4698997,,,,17.0457,0.5643,,2.5888,,,14.863999,8.3097,10.4944,,,21.2067,,,,0.9285,,,2.7066,,,1.1781,,,,11.450299,0.84669995,0.6708,,,9.5429,,22.426199,,,,2.1871,0.3394,0.61109996,0.3099,12.1977,,,18.2327,7.0315,6.0895996,8.624,,0.3112,,0.4292,2.0119998,3.9499998,,13.7542,14.1683,40.7042,,6.7441998,10.2958,0.4818,,,0.85859996,16.3396,,,,,0.7409,,,,,,,23.9121,0.84319997,0.4052,,,,,,80.4966,10.564799,,,,,1.7831999,0.6249,,,,,15.7081995,,,27.2155,,
India,2021,,35.7814,5.17,2.7956998,2.3743002,0.41619998,27.96,37.929,0,3.4979,0.26209998,0.7897,1.15,1.2949,0,1.43,1.7031,0,6.3220997,3.42,3.1992998,0.22070026,1.3,1.4271,0,,,,,14.7983,1.3748,22.49,24.1237,0,1.3,1.5238999,0,4.72,4.1963,0.52369976,3.18,,,1.53,1.0992,0.43079996,1.84,0.9762,0.86380005,63.79,,,93.04,83.5662,9.473801,1.24,1.0108,0.2292,25.0663,4.4,3.5207999,0.8792002,,,7.2716,2.8116,1.9684999,,,,,2.8346,,,,,23.2039,,,0.6368,,,1.8556999,19.503199,,3.1111999,,1.1916,,8.5011,2.9187999,,13.0301,,6.5034,,,6.3536997,,,,17.1883,0.5527,,2.5324,,,14.625,8.1378,10.8537,,,21.6645,,,,0.9984,,,2.5915,,,1.1772,,,,10.8502,1.0174,0.6368,,,9.5116,,19.7067,,,,2.214,0.4587,0.62839997,0.3155,12.177,,,16.4046,7.0231,6.3506,8.5151,,0.3119,,0.4236,2.2103,3.9459,,14.179,14.2613,37.945198,,6.5713997,10.3104,0.4885,,,0.91349995,16.971699,,,,,0.75869995,,,,,,,24.5534,0.6404,0.47419998,,,,,,83.5662,10.5755,,,,,1.7994,0.6368,,,,,15.4957,,,27.3445,,
India,2022,,35.8546,5.17,3.0251,2.1449,0.41689998,27.96,36.1221,0,3.5665998,0.2642,0.77279997,1.15,1.2117,0,1.43,1.7766,0,6.323,3.42,3.3871999,0.032800198,1.3,1.3959999,0,,,,,14.9312,1.3182,22.49,25.2363,0,1.3,1.497,0,4.72,4.2293997,0.4906001,3.18,,,1.53,1.092,0.43799996,1.84,1.0691999,0.7708001,63.79,,,93.04,84.906296,8.133705,1.24,0.9227,0.31730002,24.547998,4.4,3.5372999,0.8627002,,,8.219,2.8113,1.9623,,,,,2.8355,,,,,23.227,,,0.6351,,,1.948,19.8877,,3.074,,1.2609999,,8.5261,2.764,,13.4268,,6.1825,,,6.3701997,,,,18.9111,0.54289997,,2.5303,,,14.9407,8.1628,11.497399,,,20.865,,,,1.0087,,,2.7925,,,1.1755999,,,,12.0639,0.8987,0.6421,,,9.726,,22.0294,,,,2.2409,0.3796,0.6525,0.3296,12.4964,,,16.3251,6.9726,7.5922,8.807099,,0.3127,,0.4181,2.1227,3.9127,,14.5081,14.281099,35.6067,,7.0227,10.478,0.5085,,,0.8612,17.138899,,,,,0.7662,,,,,,,25.378399,0.7769,0.48479998,,,,,,84.906296,11.0654,,,,,1.8155999,0.6351,,,,,15.6164,,,27.5667,,